language,dimension,mean,ci_low,ci_high
als,Careless,0.703362630635358,0.6489599731077004,0.7561493725130088
als,Closed-Minded,0.42142100255179277,0.356265191816963,0.4846825126508369
als,Friendly,-0.31833464154892727,-0.38977141657945225,-0.24425535278213853
als,Rural,0.49205828438111904,0.44752413760779913,0.5411216045910928
als,Temper,0.516664455940222,0.45550578657646906,0.5844006996949198
als,Uneducated,0.801064371326762,0.7564353972881671,0.8460384272756722
bar,Careless,0.8219832500219242,0.7834007498026835,0.8577509208103131
bar,Closed-Minded,0.5707780379911528,0.5198867529707695,0.6213608888455202
bar,Friendly,-0.32950988194720787,-0.4064862713887783,-0.25907472808064735
bar,Rural,0.534576362076362,0.481201228013728,0.5835737344487345
bar,Temper,0.6470485424086533,0.5861809128083366,0.7030016653475796
bar,Uneducated,0.873263888888889,0.8356411492153681,0.9028515061327562
frr,Careless,0.7644930444087747,0.713934813625825,0.8103453830033888
frr,Closed-Minded,0.41541571173924124,0.35754106187929724,0.478089349376114
frr,Friendly,-0.22982785912148793,-0.3093015433320142,-0.14575671635228424
frr,Rural,0.5331942287784679,0.48824491028295375,0.5771000474465149
frr,Temper,0.5297252415458936,0.46809553463595577,0.5910545527087647
frr,Uneducated,0.815204081632653,0.7672445578231293,0.8584320861678006
ksh,Careless,0.8327827926042212,0.7985750261643119,0.8661115199284842
ksh,Closed-Minded,0.5753862995242306,0.5201369152877775,0.6304733484905898
ksh,Friendly,-0.4083561393906222,-0.485013484081372,-0.3349541028097063
ksh,Rural,0.6426849356094639,0.5951518846532325,0.6869473056518205
ksh,Temper,0.6979720311165071,0.6433511511308961,0.7498264872521248
ksh,Uneducated,0.8794138321995466,0.8489798752834466,0.904196343537415
nds,Careless,0.7158422371718772,0.6696026249835114,0.7585122070527195
nds,Closed-Minded,0.4991052608938788,0.4357546403837054,0.5578007108444101
nds,Friendly,-0.2016317547055252,-0.2791806802411311,-0.12244126225171309
nds,Rural,0.5891093474426807,0.5426470773494583,0.6317001816158563
nds,Temper,0.5822652116402117,0.5266339010141093,0.6371277006172839
nds,Uneducated,0.8275554187192118,0.7901787709815727,0.8634472495894909
pfl,Careless,0.6969591708260264,0.6444439385763749,0.745132706056927
pfl,Closed-Minded,0.3831579172549524,0.317513263166902,0.45027857998545334
pfl,Friendly,-0.16385088307623516,-0.23791085401296666,-0.08513170690811536
pfl,Rural,0.5077835536730416,0.4576923159200788,0.5558510888632182
pfl,Temper,0.5694585779517287,0.5040014133507283,0.6287242878886715
pfl,Uneducated,0.7677693496277567,0.7209082209579998,0.8121896216697101
stq,Careless,0.7534813446451377,0.7049025611202335,0.7960146699963512
stq,Closed-Minded,0.4538663071121635,0.3927500986582479,0.5123126315443304
stq,Friendly,-0.2777470841006753,-0.34771115605542396,-0.20619798517933877
stq,Rural,0.5623989014315991,0.5103311653907703,0.6071563459625451
stq,Temper,0.6083497310770039,0.5450999442476715,0.6649354748786568
stq,Uneducated,0.8418481350299534,0.8002113669159123,0.8798999737636102
