model,dimension,mean,std,n,t_stat,p_value,cohen_d,ci_low,ci_high,significant,setting
Llama-3.1 8B,Careless,0.7890425377468061,0.3701452208627795,328,38.60692326658185,7.795074934410485e-124,2.1317107266915665,0.7483093786295006,0.8250303063298492,True,naming
Llama-3.1 8B,Closed-Minded,0.43656084656084654,0.5991961816788777,345,13.5327261441432,9.508963119484887e-34,0.7285774841516081,0.37597731193926853,0.4992593455256499,True,naming
Llama-3.1 8B,Friendly,-0.13538080895008606,0.7097090978245439,332,-3.4757279330678714,0.0005773595724938099,-0.19075535224934545,-0.21203465648307515,-0.061548515490533556,True,naming
Llama-3.1 8B,Rural,0.656345694620031,0.32744660447948815,339,36.905576906830206,1.3338318547295705e-120,2.0044357939315436,0.6204527496839444,0.6928495048461862,True,naming
Llama-3.1 8B,Temper,0.5644449126750012,0.5794324361504526,339,17.935711484906864,5.1320054146820677e-51,0.9741341310213434,0.5003386184857425,0.628404621435595,True,naming
Llama-3.1 8B,Uneducated,0.8257684745600155,0.3021867726210962,331,49.716076229257176,2.511450769992208e-155,2.732642687823481,0.7908008739749679,0.8586227701050209,True,naming
Qwen2.5 7B,Careless,0.8620873718218852,0.39311129372077774,339,40.377145390253574,2.30560210705368e-131,2.192985512225491,0.816061771316196,0.8992330383480828,True,naming
Qwen2.5 7B,Closed-Minded,0.4400253048079135,0.6416880969537558,345,12.736884676510059,1.0430639569826803e-30,0.6857308198434988,0.36844481826547054,0.5059314182194616,True,naming
Qwen2.5 7B,Friendly,-0.49237441927990705,0.7437482492834465,328,-11.989648387184571,1.0618370907928665e-27,-0.6620175842488074,-0.5695861461962834,-0.4095385090011614,True,naming
Qwen2.5 7B,Rural,0.7220826411960134,0.4077167671069962,344,32.84789577915218,5.956654810408151e-108,1.7710398478817497,0.6784037871447028,0.7631658649409377,True,naming
Qwen2.5 7B,Temper,0.8502339901477832,0.42676387943422506,290,33.927339724404746,8.569099720520475e-103,1.9922819880514875,0.7985915435139572,0.8985926724137931,True,naming
Qwen2.5 7B,Uneducated,0.8634231536926148,0.36478920035537127,334,43.2568560696124,1.0300493752981372e-138,2.366909856025022,0.8262377031650984,0.8991655973766753,True,naming
Aya 32b,Careless,0.7973231489127444,0.30896934082277555,346,48.001746199871135,8.917468830630125e-155,2.580589863024914,0.7642550922102944,0.8284701004679328,True,naming
Aya 32b,Closed-Minded,0.424578231292517,0.5722598009652371,350,13.880288923837627,3.4661436974129496e-35,0.7419326511776226,0.3621443877551021,0.48660374149659863,True,naming
Aya 32b,Friendly,-0.01806522035748397,0.7082826627997798,349,-0.47648514500456257,0.6340278201749467,-0.025505665049139738,-0.09084390776367854,0.06060206030836403,False,naming
Aya 32b,Rural,0.8911911603721949,0.1457770120850116,348,114.04373903213225,3.9493421668786656e-277,6.113386106805963,0.8759029488232073,0.9060042077175698,True,naming
Aya 32b,Temper,0.4572403230297967,0.5584702251755483,342,15.141104339739536,5.706258196981054e-40,0.8187371544939013,0.39623468393205236,0.5155597326649959,True,naming
Aya 32b,Uneducated,0.8771266073194858,0.2825834149719533,337,56.98106558865789,9.428732437287013e-175,3.1039564278977294,0.8420849229899676,0.9041901582591496,True,naming
Aya 8B,Careless,0.8886505622657227,0.2727269908812517,343,60.34620437885358,2.1091020952892768e-184,3.2583887623086447,0.8568969526586145,0.9161359850062474,True,naming
Aya 8B,Closed-Minded,0.40192563537939263,0.6442273003871195,346,11.60498628228783,1.6432632803275755e-26,0.6238879276582557,0.3355562436920819,0.46623577851179016,True,naming
Aya 8B,Friendly,-0.3292969497035762,0.851454944069681,332,-7.0468508263045235,1.068191015679917e-11,-0.386746183103527,-0.41544798240581376,-0.2375431189041882,True,naming
Aya 8B,Rural,0.7492669423058644,0.32403112099785986,334,42.259376202755426,7.38568941553093e-136,2.3123301860589285,0.71395126413839,0.7836443185058456,True,naming
Aya 8B,Temper,0.7239701721574833,0.5255966458923633,331,25.06005877612912,2.3034192233949344e-78,1.3774254037110898,0.6638186951517767,0.7776467714477532,True,naming
Aya 8B,Uneducated,0.9238341713496994,0.20134345983266136,322,82.33498882033889,6.682362606686652e-218,4.588349540221011,0.9022178780932664,0.9444853901705611,True,naming
Gemma-3 12B,Careless,0.9491320159187595,0.11954671967033763,347,147.89506986489903,0.0,7.939423336216072,0.9362047138740223,0.9598244304926582,True,naming
Gemma-3 12B,Closed-Minded,0.24532426303854873,0.6484944100367489,350,7.077311128256623,8.11224457831658e-12,0.3782981923076973,0.17700538548752837,0.31593633786848074,True,naming
Gemma-3 12B,Friendly,0.23211329421931143,0.7172859062571852,349,6.045335821408556,3.8419631454730295e-09,0.323599407425254,0.15031876790830948,0.30939162914449453,True,naming
Gemma-3 12B,Rural,0.9283333333333333,0.1038716217997314,350,167.20184078535897,0.0,8.937314323667698,0.917314030612245,0.9383143707482993,True,naming
Gemma-3 12B,Temper,0.9304171812817348,0.1580473068974758,347,109.66179719181898,8.091607838083858e-271,5.8869537200358,0.9123804377658846,0.9468234813137552,True,naming
Gemma-3 12B,Uneducated,0.9755271945473675,0.09619531532724836,347,188.9079327243297,0.0,10.141109171779375,0.9649266959425461,0.9843625634691917,True,naming
