model,dimension,task,mean_naming,mean_usage,t_stat,p_value,naming_higher
Llama-3.1 8B,Careless,dec,0.7552380952380953,0.4680648236415634,8.597791110095445,0.0,True
Llama-3.1 8B,Closed-Minded,dec,0.4085714285714286,0.26622137404580154,3.4770149763787295,0.0005173610813200558,True
Llama-3.1 8B,Friendly,dec,0.26908396946564883,0.12666666666666668,3.3405359091795184,0.0008508349220570643,True
Llama-3.1 8B,Rural,dec,0.5752380952380952,0.4074427480916031,4.451629837937092,8.969509541101317e-06,True
Llama-3.1 8B,Temper,dec,0.15487571701720843,0.15839694656488548,-0.08250939752214945,0.9342495390726522,False
Llama-3.1 8B,Uneducated,dec,0.7884427032321254,0.5253411306042886,8.113510635250348,8.881784197001252e-16,True
Qwen2.5 7B,Careless,dec,0.5534351145038168,0.3603431839847474,5.054866786472449,4.680826646286107e-07,True
Qwen2.5 7B,Closed-Minded,dec,0.27931363203050524,0.09428571428571429,4.339254241222529,1.4975736108313598e-05,True
Qwen2.5 7B,Friendly,dec,0.38857142857142857,0.09523809523809523,7.004015538115639,3.3368863228133705e-12,True
Qwen2.5 7B,Rural,dec,0.6682554814108675,0.19161105815061963,12.568735833467487,0.0,True
Qwen2.5 7B,Temper,dec,0.2580952380952381,0.18857142857142858,1.634940365278071,0.10221156587458435,True
Qwen2.5 7B,Uneducated,dec,0.6447619047619048,0.42857142857142855,5.975726101555063,2.684339639458244e-09,True
Aya 32b,Careless,dec,0.8265014299332698,0.52,9.774119906409782,0.0,True
Aya 32b,Closed-Minded,dec,0.6440839694656488,0.29523809523809524,9.437567761583404,0.0,True
Aya 32b,Friendly,dec,0.5695238095238095,0.3628571428571429,5.3952115232345035,7.615995945009502e-08,True
Aya 32b,Rural,dec,0.6886973180076629,0.43714285714285717,7.080174254365953,1.957767281624001e-12,True
Aya 32b,Temper,dec,0.4685714285714286,0.2876190476190476,4.505589632646036,6.982797735366475e-06,True
Aya 32b,Uneducated,dec,0.7497584541062802,0.4679611650485437,8.366249667555365,0.0,True
Aya 8B,Careless,dec,0.6714422158548233,0.22254059216809932,11.916466675036977,0.0,True
Aya 8B,Closed-Minded,dec,0.2583497053045187,0.08155339805825243,4.0979498988938845,4.330894589932299e-05,True
Aya 8B,Friendly,dec,0.31166347992351817,0.20400381315538607,2.5535267849544954,0.010734141041002454,True
Aya 8B,Rural,dec,0.4187380497131931,0.1603864734299517,6.2105674310910315,6.357370185838818e-10,True
Aya 8B,Temper,dec,0.25382262996941896,0.10521140609636184,3.3862067587252773,0.0007223953216761725,True
Aya 8B,Uneducated,dec,0.3645933014354067,0.12403846153846154,5.715026428012607,1.2546468086682694e-08,True
Gemma-3 12B,Careless,dec,0.7790476190476191,0.3361904761904762,12.729770627437658,0.0,True
Gemma-3 12B,Closed-Minded,dec,0.4770992366412214,0.3076190476190476,4.2837493398298445,1.9207627818040862e-05,True
Gemma-3 12B,Friendly,dec,0.38476190476190475,0.24952380952380954,3.274139189344434,0.0010770771091621612,True
Gemma-3 12B,Rural,dec,0.88,0.6085714285714285,9.511325431600056,0.0,True
Gemma-3 12B,Temper,dec,0.21333333333333335,0.13714285714285715,1.7736648901140735,0.07626362598070457,True
Gemma-3 12B,Uneducated,dec,0.7967967967967968,0.43474088291746643,11.686447342381594,0.0,True
